{
    "variants": {
        "": [
            { "model": "minecraft:block_full/leaves/spruce/spruce_leaves_1" },
            { "model": "minecraft:block_full/leaves/spruce/spruce_leaves_1", "y": 90 },
            { "model": "minecraft:block_full/leaves/spruce/spruce_leaves_1", "y": 180 },
            { "model": "minecraft:block_full/leaves/spruce/spruce_leaves_1", "y": 270 },
            { "model": "minecraft:block_full/leaves/spruce/spruce_leaves_2" },
            { "model": "minecraft:block_full/leaves/spruce/spruce_leaves_2", "y": 90 },
            { "model": "minecraft:block_full/leaves/spruce/spruce_leaves_2", "y": 180 },
            { "model": "minecraft:block_full/leaves/spruce/spruce_leaves_2", "y": 270 },
            { "model": "minecraft:block_full/leaves/spruce/spruce_leaves_3" },
            { "model": "minecraft:block_full/leaves/spruce/spruce_leaves_3", "y": 90 },
            { "model": "minecraft:block_full/leaves/spruce/spruce_leaves_3", "y": 180 },
            { "model": "minecraft:block_full/leaves/spruce/spruce_leaves_3", "y": 270 }
        ]
    }
}
