{
	"textures": {
		"0": "block/cake_map",
		"particle": "block/cake_map"
	},
	"elements": [
		{
			"name": "Piece 6",
			"from": [6, 0, 1],
			"to": [10, 8, 8],
			"rotation": {"angle": 0, "axis": "y", "origin": [8, 4, 4.5]},
			"faces": {
				"north": {"uv": [9.5, 0, 11.5, 4], "texture": "#0"},
				"east": {"uv": [10.5, 4, 14, 8], "texture": "#0"},
				"south": {"uv": [9.5, 4, 11.5, 8], "texture": "#0"},
				"west": {"uv": [7, 4, 10.5, 8], "texture": "#0"},
				"up": {"uv": [4.5, 7, 2.5, 3.5], "texture": "#0"},
				"down": {"uv": [4.5, 10.5, 2.5, 14], "texture": "#0"}
			}
		},
		{
			"name": "BerryLight",
			"from": [6.1, 7.5, 2],
			"to": [7.1, 8.5, 3],
			"faces": {
				"north": {"uv": [7.5, 8.5, 8, 9], "texture": "#0"},
				"east": {"uv": [7.5, 8.5, 8, 9], "texture": "#0"},
				"south": {"uv": [7.5, 8.5, 8, 9], "texture": "#0"},
				"west": {"uv": [7.5, 8.5, 8, 9], "texture": "#0"},
				"up": {"uv": [7.5, 8.5, 8, 9], "texture": "#0"},
				"down": {"uv": [7.5, 8.5, 8, 9], "texture": "#0"}
			}
		},
		{
			"name": "BerryDark",
			"from": [8.9, 7.5, 2],
			"to": [9.9, 8.5, 3],
			"faces": {
				"north": {"uv": [7, 8.5, 7.5, 9], "texture": "#0"},
				"east": {"uv": [7, 8.5, 7.5, 9], "texture": "#0"},
				"south": {"uv": [7, 8.5, 7.5, 9], "texture": "#0"},
				"west": {"uv": [7, 8.5, 7.5, 9], "texture": "#0"},
				"up": {"uv": [7, 8.5, 7.5, 9], "texture": "#0"},
				"down": {"uv": [7, 8.5, 7.5, 9], "texture": "#0"}
			}
		},
		{
			"name": "Piece 3",
			"from": [10, 0, 1],
			"to": [15, 8, 8],
			"rotation": {"angle": 0, "axis": "y", "origin": [13, 4, 4.5]},
			"faces": {
				"north": {"uv": [7, 0, 9.5, 4], "texture": "#0"},
				"east": {"uv": [10.5, 0, 14, 4], "texture": "#0"},
				"south": {"uv": [11.5, 4, 14, 8], "texture": "#0"},
				"west": {"uv": [7, 4, 10.5, 8], "texture": "#0"},
				"up": {"uv": [2.5, 7, 0, 3.5], "texture": "#0"},
				"down": {"uv": [2.5, 10.5, 0, 14], "texture": "#0"}
			}
		},
		{
			"name": "BerryLight",
			"from": [11.75, 7.5, 3],
			"to": [12.75, 8.5, 4],
			"rotation": {"angle": 45, "axis": "y", "origin": [12.5, 8, 3.5]},
			"faces": {
				"north": {"uv": [7.5, 8.5, 8, 9], "texture": "#0"},
				"east": {"uv": [7.5, 8.5, 8, 9], "texture": "#0"},
				"south": {"uv": [7.5, 8.5, 8, 9], "texture": "#0"},
				"west": {"uv": [7.5, 8.5, 8, 9], "texture": "#0"},
				"up": {"uv": [7.5, 8.5, 8, 9], "texture": "#0"},
				"down": {"uv": [7.5, 8.5, 8, 9], "texture": "#0"}
			}
		},
		{
			"name": "BerryDark",
			"from": [13, 7.5, 6],
			"to": [14, 8.5, 7],
			"faces": {
				"north": {"uv": [7, 8.5, 7.5, 9], "texture": "#0"},
				"east": {"uv": [7, 8.5, 7.5, 9], "texture": "#0"},
				"south": {"uv": [7, 8.5, 7.5, 9], "texture": "#0"},
				"west": {"uv": [7, 8.5, 7.5, 9], "texture": "#0"},
				"up": {"uv": [7, 8.5, 7.5, 9], "texture": "#0"},
				"down": {"uv": [7, 8.5, 7.5, 9], "texture": "#0"}
			}
		},
		{
			"name": "Berry",
			"from": [9.5, 8, 5],
			"to": [11.5, 9, 7],
			"rotation": {"angle": 0, "axis": "y", "origin": [10.5, 8.5, 6]},
			"faces": {
				"north": {"uv": [7, 8.5, 8, 9], "texture": "#0"},
				"east": {"uv": [7, 8, 8, 8.5], "texture": "#0"},
				"south": {"uv": [7, 8.5, 8, 9], "texture": "#0"},
				"west": {"uv": [7, 8, 8, 8.5], "texture": "#0"},
				"up": {"uv": [8, 9, 7, 8], "texture": "#0"},
				"down": {"uv": [8, 8, 7, 9], "texture": "#0"}
			}
		},
		{
			"name": "Leaf",
			"from": [9.5, 7.5, 7.5],
			"to": [11.5, 9.5, 7.5],
			"rotation": {"angle": 45, "axis": "x", "origin": [10.5, 8.50574, 7.57609]},
			"faces": {
				"north": {"uv": [8, 8, 9, 9], "texture": "#0"},
				"east": {"uv": [0, 0, 0, 2], "texture": "#0"},
				"south": {"uv": [8, 8, 9, 9], "texture": "#0"},
				"west": {"uv": [0, 0, 0, 2], "texture": "#missing"},
				"up": {"uv": [2, 0, 0, 0], "texture": "#missing"},
				"down": {"uv": [2, 0, 0, 0], "texture": "#missing"}
			}
		},
		{
			"name": "Leaf",
			"from": [11.9, 7.5, 5],
			"to": [11.9, 9.5, 7],
			"rotation": {"angle": -45, "axis": "z", "origin": [12.06569, 8.43503, 6.03553]},
			"faces": {
				"north": {"uv": [0, 0, 0, 2], "texture": "#missing"},
				"east": {"uv": [8, 8, 9, 9], "texture": "#0"},
				"south": {"uv": [0, 0, 0, 2], "texture": "#missing"},
				"west": {"uv": [8, 8, 9, 9], "texture": "#0"},
				"up": {"uv": [2, 0, 0, 0], "rotation": 90, "texture": "#missing"},
				"down": {"uv": [2, 0, 0, 0], "rotation": 270, "texture": "#missing"}
			}
		},
		{
			"name": "Leaf",
			"from": [9.1, 7.5, 5],
			"to": [9.1, 9.5, 7],
			"rotation": {"angle": 45, "axis": "z", "origin": [8.95442, 8.43503, 6.03553]},
			"faces": {
				"north": {"uv": [0, 0, 0, 2], "texture": "#missing"},
				"east": {"uv": [8, 8, 9, 9], "texture": "#0"},
				"south": {"uv": [0, 0, 0, 2], "texture": "#missing"},
				"west": {"uv": [8, 8, 9, 9], "texture": "#0"},
				"up": {"uv": [2, 0, 0, 0], "rotation": 90, "texture": "#missing"},
				"down": {"uv": [2, 0, 0, 0], "rotation": 270, "texture": "#missing"}
			}
		},
		{
			"name": "Leaf",
			"from": [9.5, 7.5, 4.6],
			"to": [11.5, 9.5, 4.6],
			"rotation": {"angle": -45, "axis": "x", "origin": [10.5, 8.43503, 4.53553]},
			"faces": {
				"north": {"uv": [8, 8, 9, 9], "texture": "#0"},
				"east": {"uv": [0, 0, 0, 2], "texture": "#0"},
				"south": {"uv": [8, 8, 9, 9], "texture": "#0"},
				"west": {"uv": [0, 0, 0, 2], "texture": "#missing"},
				"up": {"uv": [2, 0, 0, 0], "texture": "#missing"},
				"down": {"uv": [2, 0, 0, 0], "texture": "#missing"}
			}
		},
		{
			"name": "Piece 1",
			"from": [1, 0, 8],
			"to": [6, 8, 15],
			"rotation": {"angle": 0, "axis": "y", "origin": [3, 4, 11.5]},
			"faces": {
				"north": {"uv": [11.5, 4, 14, 8], "texture": "#0"},
				"east": {"uv": [7, 4, 10.5, 8], "texture": "#0"},
				"south": {"uv": [7, 0, 9.5, 4], "texture": "#0"},
				"west": {"uv": [10.5, 0, 14, 4], "texture": "#0"},
				"up": {"uv": [7, 3.5, 4.5, 0], "texture": "#0"},
				"down": {"uv": [7, 7, 4.5, 10.5], "texture": "#0"}
			}
		},
		{
			"name": "BerryLight",
			"from": [3.25, 7.5, 12],
			"to": [4.25, 8.5, 13],
			"rotation": {"angle": 45, "axis": "y", "origin": [3.5, 8, 12.5]},
			"faces": {
				"north": {"uv": [7.5, 8.5, 8, 9], "texture": "#0"},
				"east": {"uv": [7.5, 8.5, 8, 9], "texture": "#0"},
				"south": {"uv": [7.5, 8.5, 8, 9], "texture": "#0"},
				"west": {"uv": [7.5, 8.5, 8, 9], "texture": "#0"},
				"up": {"uv": [7.5, 8.5, 8, 9], "texture": "#0"},
				"down": {"uv": [7.5, 8.5, 8, 9], "texture": "#0"}
			}
		},
		{
			"name": "BerryDark",
			"from": [2, 7.5, 9],
			"to": [3, 8.5, 10],
			"faces": {
				"north": {"uv": [7, 8.5, 7.5, 9], "texture": "#0"},
				"east": {"uv": [7, 8.5, 7.5, 9], "texture": "#0"},
				"south": {"uv": [7, 8.5, 7.5, 9], "texture": "#0"},
				"west": {"uv": [7, 8.5, 7.5, 9], "texture": "#0"},
				"up": {"uv": [7, 8.5, 7.5, 9], "texture": "#0"},
				"down": {"uv": [7, 8.5, 7.5, 9], "texture": "#0"}
			}
		},
		{
			"name": "Piece 5",
			"from": [6, 0, 8],
			"to": [10, 8, 15],
			"rotation": {"angle": 0, "axis": "y", "origin": [8, 4, 11.5]},
			"faces": {
				"north": {"uv": [9.5, 4, 11.5, 8], "texture": "#0"},
				"east": {"uv": [7, 4, 10.5, 8], "texture": "#0"},
				"south": {"uv": [9.5, 0, 11.5, 4], "texture": "#0"},
				"west": {"uv": [10.5, 4, 14, 8], "texture": "#0"},
				"up": {"uv": [4.5, 3.5, 2.5, 0], "texture": "#0"},
				"down": {"uv": [4.5, 7, 2.5, 10.5], "texture": "#0"}
			}
		},
		{
			"name": "BerryLight",
			"from": [8.9, 7.5, 13],
			"to": [9.9, 8.5, 14],
			"faces": {
				"north": {"uv": [7.5, 8.5, 8, 9], "texture": "#0"},
				"east": {"uv": [7.5, 8.5, 8, 9], "texture": "#0"},
				"south": {"uv": [7.5, 8.5, 8, 9], "texture": "#0"},
				"west": {"uv": [7.5, 8.5, 8, 9], "texture": "#0"},
				"up": {"uv": [7.5, 8.5, 8, 9], "texture": "#0"},
				"down": {"uv": [7.5, 8.5, 8, 9], "texture": "#0"}
			}
		},
		{
			"name": "BerryDark",
			"from": [6.1, 7.5, 13],
			"to": [7.1, 8.5, 14],
			"faces": {
				"north": {"uv": [7, 8.5, 7.5, 9], "texture": "#0"},
				"east": {"uv": [7, 8.5, 7.5, 9], "texture": "#0"},
				"south": {"uv": [7, 8.5, 7.5, 9], "texture": "#0"},
				"west": {"uv": [7, 8.5, 7.5, 9], "texture": "#0"},
				"up": {"uv": [7, 8.5, 7.5, 9], "texture": "#0"},
				"down": {"uv": [7, 8.5, 7.5, 9], "texture": "#0"}
			}
		},
		{
			"name": "Berry",
			"from": [7.5, 8, 9.5],
			"to": [9.5, 9, 11.5],
			"rotation": {"angle": 0, "axis": "y", "origin": [8.5, 8.5, 10.5]},
			"faces": {
				"north": {"uv": [7, 8.5, 8, 9], "texture": "#0"},
				"east": {"uv": [7, 8, 8, 8.5], "texture": "#0"},
				"south": {"uv": [7, 8.5, 8, 9], "texture": "#0"},
				"west": {"uv": [7, 8, 8, 8.5], "texture": "#0"},
				"up": {"uv": [8, 9, 7, 8], "texture": "#0"},
				"down": {"uv": [8, 8, 7, 9], "texture": "#0"}
			}
		},
		{
			"name": "Leaf",
			"from": [7.5, 7.5, 12],
			"to": [9.5, 9.5, 12],
			"rotation": {"angle": 45, "axis": "x", "origin": [8.5, 8.50574, 12.07609]},
			"faces": {
				"north": {"uv": [8, 8, 9, 9], "texture": "#0"},
				"east": {"uv": [0, 0, 0, 2], "texture": "#0"},
				"south": {"uv": [8, 8, 9, 9], "texture": "#0"},
				"west": {"uv": [0, 0, 0, 2], "texture": "#missing"},
				"up": {"uv": [2, 0, 0, 0], "texture": "#missing"},
				"down": {"uv": [2, 0, 0, 0], "texture": "#missing"}
			}
		},
		{
			"name": "Leaf",
			"from": [9.9, 7.5, 9.5],
			"to": [9.9, 9.5, 11.5],
			"rotation": {"angle": -45, "axis": "z", "origin": [10.06569, 8.43503, 10.53553]},
			"faces": {
				"north": {"uv": [0, 0, 0, 2], "texture": "#missing"},
				"east": {"uv": [8, 8, 9, 9], "texture": "#0"},
				"south": {"uv": [0, 0, 0, 2], "texture": "#missing"},
				"west": {"uv": [8, 8, 9, 9], "texture": "#0"},
				"up": {"uv": [2, 0, 0, 0], "rotation": 90, "texture": "#missing"},
				"down": {"uv": [2, 0, 0, 0], "rotation": 270, "texture": "#missing"}
			}
		},
		{
			"name": "Leaf",
			"from": [7.1, 7.5, 9.5],
			"to": [7.1, 9.5, 11.5],
			"rotation": {"angle": 45, "axis": "z", "origin": [6.95442, 8.43503, 10.53553]},
			"faces": {
				"north": {"uv": [0, 0, 0, 2], "texture": "#missing"},
				"east": {"uv": [8, 8, 9, 9], "texture": "#0"},
				"south": {"uv": [0, 0, 0, 2], "texture": "#missing"},
				"west": {"uv": [8, 8, 9, 9], "texture": "#0"},
				"up": {"uv": [2, 0, 0, 0], "rotation": 90, "texture": "#missing"},
				"down": {"uv": [2, 0, 0, 0], "rotation": 270, "texture": "#missing"}
			}
		},
		{
			"name": "Leaf",
			"from": [7.5, 7.5, 9.1],
			"to": [9.5, 9.5, 9.1],
			"rotation": {"angle": -45, "axis": "x", "origin": [8.5, 8.43503, 9.03553]},
			"faces": {
				"north": {"uv": [8, 8, 9, 9], "texture": "#0"},
				"east": {"uv": [0, 0, 0, 2], "texture": "#0"},
				"south": {"uv": [8, 8, 9, 9], "texture": "#0"},
				"west": {"uv": [0, 0, 0, 2], "texture": "#missing"},
				"up": {"uv": [2, 0, 0, 0], "texture": "#missing"},
				"down": {"uv": [2, 0, 0, 0], "texture": "#missing"}
			}
		},
		{
			"name": "Piece 4",
			"from": [10, 0, 8],
			"to": [15, 8, 15],
			"rotation": {"angle": 0, "axis": "y", "origin": [13, 4, 11.5]},
			"faces": {
				"north": {"uv": [7, 4, 9.5, 8], "texture": "#0"},
				"east": {"uv": [7, 0, 10.5, 4], "texture": "#0"},
				"south": {"uv": [11.5, 0, 14, 4], "texture": "#0"},
				"west": {"uv": [10.5, 4, 14, 8], "texture": "#0"},
				"up": {"uv": [2.5, 3.5, 0, 0], "texture": "#0"},
				"down": {"uv": [2.5, 7, 0, 10.5], "texture": "#0"}
			}
		},
		{
			"name": "BerryLight",
			"from": [13, 7.5, 9],
			"to": [14, 8.5, 10],
			"faces": {
				"north": {"uv": [7.5, 8.5, 8, 9], "texture": "#0"},
				"east": {"uv": [7.5, 8.5, 8, 9], "texture": "#0"},
				"south": {"uv": [7.5, 8.5, 8, 9], "texture": "#0"},
				"west": {"uv": [7.5, 8.5, 8, 9], "texture": "#0"},
				"up": {"uv": [7.5, 8.5, 8, 9], "texture": "#0"},
				"down": {"uv": [7.5, 8.5, 8, 9], "texture": "#0"}
			}
		},
		{
			"name": "BerryDark",
			"from": [12, 7.5, 11.75],
			"to": [13, 8.5, 12.75],
			"rotation": {"angle": 45, "axis": "y", "origin": [12.5, 8, 12.5]},
			"faces": {
				"north": {"uv": [7, 8.5, 7.5, 9], "texture": "#0"},
				"east": {"uv": [7, 8.5, 7.5, 9], "texture": "#0"},
				"south": {"uv": [7, 8.5, 7.5, 9], "texture": "#0"},
				"west": {"uv": [7, 8.5, 7.5, 9], "texture": "#0"},
				"up": {"uv": [7, 8.5, 7.5, 9], "texture": "#0"},
				"down": {"uv": [7, 8.5, 7.5, 9], "texture": "#0"}
			}
		},
		{
			"name": "Berry",
			"from": [5, 0.01, 6],
			"to": [7, 1.01, 8],
			"rotation": {"angle": 0, "axis": "y", "origin": [6, 0.75, 7]},
			"faces": {
				"north": {"uv": [7, 8.5, 8, 9], "texture": "#0"},
				"east": {"uv": [7, 8, 8, 8.5], "texture": "#0"},
				"south": {"uv": [7, 8.5, 8, 9], "texture": "#0"},
				"west": {"uv": [7, 8, 8, 8.5], "texture": "#0"},
				"up": {"uv": [8, 9, 7, 8], "texture": "#0"},
				"down": {"uv": [8, 8, 7, 9], "texture": "#0"}
			}
		},
		{
			"name": "Leaf",
			"from": [5, -0.14, 8.75],
			"to": [7, 1.86, 8.75],
			"rotation": {"angle": 45, "axis": "x", "origin": [6, 0.75574, 8.57609]},
			"faces": {
				"north": {"uv": [8, 8, 9, 9], "texture": "#0"},
				"east": {"uv": [0, 0, 0, 2], "texture": "#0"},
				"south": {"uv": [8, 8, 9, 9], "texture": "#0"},
				"west": {"uv": [0, 0, 0, 2], "texture": "#missing"},
				"up": {"uv": [2, 0, 0, 0], "texture": "#missing"},
				"down": {"uv": [2, 0, 0, 0], "texture": "#missing"}
			}
		},
		{
			"name": "Leaf",
			"from": [7.65, -0.14, 6],
			"to": [7.65, 1.86, 8],
			"rotation": {"angle": -45, "axis": "z", "origin": [7.56569, 0.68503, 7.03553]},
			"faces": {
				"north": {"uv": [0, 0, 0, 2], "texture": "#missing"},
				"east": {"uv": [8, 8, 9, 9], "texture": "#0"},
				"south": {"uv": [0, 0, 0, 2], "texture": "#missing"},
				"west": {"uv": [8, 8, 9, 9], "texture": "#0"},
				"up": {"uv": [2, 0, 0, 0], "rotation": 90, "texture": "#missing"},
				"down": {"uv": [2, 0, 0, 0], "rotation": 270, "texture": "#missing"}
			}
		},
		{
			"name": "Leaf",
			"from": [4.35, -0.14, 6],
			"to": [4.35, 1.86, 8],
			"rotation": {"angle": 45, "axis": "z", "origin": [4.45442, 0.68503, 7.03553]},
			"faces": {
				"north": {"uv": [0, 0, 0, 2], "texture": "#missing"},
				"east": {"uv": [8, 8, 9, 9], "texture": "#0"},
				"south": {"uv": [0, 0, 0, 2], "texture": "#missing"},
				"west": {"uv": [8, 8, 9, 9], "texture": "#0"},
				"up": {"uv": [2, 0, 0, 0], "rotation": 90, "texture": "#missing"},
				"down": {"uv": [2, 0, 0, 0], "rotation": 270, "texture": "#missing"}
			}
		},
		{
			"name": "Leaf",
			"from": [5, -0.04, 5.35],
			"to": [7, 1.96, 5.35],
			"rotation": {"angle": -45, "axis": "x", "origin": [6, 0.68503, 5.53553]},
			"faces": {
				"north": {"uv": [8, 8, 9, 9], "texture": "#0"},
				"east": {"uv": [0, 0, 0, 2], "texture": "#0"},
				"south": {"uv": [8, 8, 9, 9], "texture": "#0"},
				"west": {"uv": [0, 0, 0, 2], "texture": "#missing"},
				"up": {"uv": [2, 0, 0, 0], "texture": "#missing"},
				"down": {"uv": [2, 0, 0, 0], "texture": "#missing"}
			}
		},
		{
			"name": "BerryDark",
			"from": [10.1, 1.45, 5.5],
			"to": [11.1, 2.45, 6.5],
			"rotation": {"angle": 0, "axis": "y", "origin": [0, 0.25, 0]},
			"faces": {
				"north": {"uv": [7, 8.5, 7.5, 9], "texture": "#0"},
				"east": {"uv": [7, 8.5, 7.5, 9], "texture": "#0"},
				"south": {"uv": [7, 8.5, 7.5, 9], "texture": "#0"},
				"west": {"uv": [7, 8.5, 7.5, 9], "texture": "#0"},
				"up": {"uv": [7, 8.5, 7.5, 9], "texture": "#0"},
				"down": {"uv": [7, 8.5, 7.5, 9], "texture": "#0"}
			}
		},
		{
			"name": "LastPiece",
			"from": [11, 0.01, 0.5],
			"to": [13, 2.01, 3.5],
			"rotation": {"angle": -22.5, "axis": "y", "origin": [0, 0.25, 0]},
			"faces": {
				"north": {"uv": [10.5, 0, 12.5, 2], "texture": "#0"},
				"east": {"uv": [11, 4, 14, 6], "texture": "#0"},
				"south": {"uv": [9.5, 4, 11.5, 6], "texture": "#0"},
				"west": {"uv": [7, 4, 10, 6], "texture": "#0"},
				"up": {"uv": [5, 0, 7, 3], "texture": "#0"},
				"down": {"uv": [0, 0, 2, 3], "texture": "#missing"}
			}
		},
		{
			"name": "Crumb",
			"from": [7.85, 0.01, 8.8],
			"to": [8.85, 1.01, 9.8],
			"rotation": {"angle": 0, "axis": "z", "origin": [0, 0.25, 0]},
			"faces": {
				"north": {"uv": [2, 9.5, 2.5, 10], "texture": "#0"},
				"east": {"uv": [0, 12.5, 0.5, 13], "texture": "#0"},
				"south": {"uv": [6.5, 12, 7, 12.5], "texture": "#0"},
				"west": {"uv": [4.5, 8.5, 5, 9], "texture": "#0"},
				"up": {"uv": [3, 10, 3.5, 10.5], "texture": "#0"},
				"down": {"uv": [0, 11, 0.5, 11.5], "texture": "#0"}
			}
		}
	],
	"groups": [
		{
			"name": "Piece2",
			"origin": [8, 8, 8],
			"color": 0,
			"children": [0, 1, 2]
		},
		{
			"name": "Piece3",
			"origin": [8, 8, 8],
			"color": 0,
			"children": [
				3,
				4,
				5,
				{
					"name": "Strawberry",
					"origin": [8, 8, 8],
					"color": 0,
					"children": [6, 7, 8, 9, 10]
				}
			]
		},
		{
			"name": "Piece4",
			"origin": [0, 0, 0],
			"color": 0,
			"children": [11, 12, 13]
		},
		{
			"name": "Piece5",
			"origin": [8, 8, 8],
			"color": 0,
			"children": [
				14,
				15,
				16,
				{
					"name": "Strawberry",
					"origin": [8, 8, 8],
					"color": 0,
					"children": [17, 18, 19, 20, 21]
				}
			]
		},
		{
			"name": "Piece6",
			"origin": [8, 8, 8],
			"color": 0,
			"children": [22, 23, 24]
		},
		{
			"name": "Piece7",
			"origin": [8, 8, 8],
			"color": 0,
			"children": [
				{
					"name": "Strawberry",
					"origin": [8, 8, 8],
					"color": 0,
					"children": [25, 26, 27, 28, 29]
				},
				30,
				31,
				32
			]
		}
	]
}