{
    "variants": {
        "east=false,north=false,south=false,waterlogged=true,west=false": { "model": "minecraft:block/cherry_fence_post" },
        "east=false,north=true,south=false,waterlogged=true,west=false": { "model": "minecraft:block/cherry_fence_side", "y": 270 },
        "east=true,north=false,south=false,waterlogged=true,west=false": { "model": "minecraft:block/cherry_fence_side" },
        "east=false,north=false,south=true,waterlogged=true,west=false": { "model": "minecraft:block/cherry_fence_side", "y": 90 },
        "east=false,north=false,south=false,waterlogged=true,west=true": { "model": "minecraft:block/cherry_fence_side", "y": 180 },
        "east=true,north=true,south=false,waterlogged=true,west=false": { "model": "minecraft:block/cherry_fence_corner", "y": 270 },
        "east=true,north=false,south=true,waterlogged=true,west=false": { "model": "minecraft:block/cherry_fence_corner" },
        "east=false,north=false,south=true,waterlogged=true,west=true": { "model": "minecraft:block/cherry_fence_corner", "y": 90 },
        "east=false,north=true,south=false,waterlogged=true,west=true": { "model": "minecraft:block/cherry_fence_corner", "y": 180 },
        "east=false,north=true,south=true,waterlogged=true,west=false": { "model": "minecraft:block/cherry_fence_both", "y": 90 },
        "east=true,north=false,south=false,waterlogged=true,west=true": { "model": "minecraft:block/cherry_fence_both" },
        "east=true,north=true,south=true,waterlogged=true,west=false": { "model": "minecraft:block/cherry_fence_three", "y": 270 },
        "east=true,north=false,south=true,waterlogged=true,west=true": { "model": "minecraft:block/cherry_fence_three" },
        "east=false,north=true,south=true,waterlogged=true,west=true": { "model": "minecraft:block/cherry_fence_three", "y": 90 },
        "east=true,north=true,south=false,waterlogged=true,west=true": { "model": "minecraft:block/cherry_fence_three", "y": 180 },
        "east=true,north=true,south=true,waterlogged=true,west=true": { "model": "minecraft:block/cherry_fence_all" },
        "east=false,north=false,south=false,waterlogged=false,west=false": { "model": "minecraft:block/cherry_fence_post" },
        "east=false,north=true,south=false,waterlogged=false,west=false": { "model": "minecraft:block/cherry_fence_side", "y": 270 },
        "east=true,north=false,south=false,waterlogged=false,west=false": { "model": "minecraft:block/cherry_fence_side" },
        "east=false,north=false,south=true,waterlogged=false,west=false": { "model": "minecraft:block/cherry_fence_side", "y": 90 },
        "east=false,north=false,south=false,waterlogged=false,west=true": { "model": "minecraft:block/cherry_fence_side", "y": 180 },
        "east=true,north=true,south=false,waterlogged=false,west=false": { "model": "minecraft:block/cherry_fence_corner", "y": 180 },
        "east=true,north=false,south=true,waterlogged=false,west=false": { "model": "minecraft:block/cherry_fence_corner", "y": 270 },
        "east=false,north=false,south=true,waterlogged=false,west=true": { "model": "minecraft:block/cherry_fence_corner" },
        "east=false,north=true,south=false,waterlogged=false,west=true": { "model": "minecraft:block/cherry_fence_corner", "y": 90 },
        "east=false,north=true,south=true,waterlogged=false,west=false": { "model": "minecraft:block/cherry_fence_both", "y": 90 },
        "east=true,north=false,south=false,waterlogged=false,west=true": { "model": "minecraft:block/cherry_fence_both" },
        "east=true,north=true,south=true,waterlogged=false,west=false": { "model": "minecraft:block/cherry_fence_three", "y": 270 },
        "east=true,north=false,south=true,waterlogged=false,west=true": { "model": "minecraft:block/cherry_fence_three" },
        "east=false,north=true,south=true,waterlogged=false,west=true": { "model": "minecraft:block/cherry_fence_three", "y": 90 },
        "east=true,north=true,south=false,waterlogged=false,west=true": { "model": "minecraft:block/cherry_fence_three", "y": 180 },
        "east=true,north=true,south=true,waterlogged=false,west=true": { "model": "minecraft:block/cherry_fence_all" }
    }
}
