{
	"ambientocclusion": false,
	"textures": {
		"0": "block/planks_cherry_fence",
		"1": "block/planks_cherry_fence1",
		"particle": "block/planks_cherry_basic"
	},
	"elements": [
		{
			"from": [10, 13.4, 6.25],
			"to": [16, 15.9, 9.75],
			"faces": {
				"north": {"uv": [7, 0, 9.5, 6], "rotation": 270, "texture": "#0"},
				"east": {"uv": [9.5, 0, 12, 3.5], "rotation": 270, "texture": "#0", "cullface": "east"},
				"south": {"uv": [7, 6, 9.5, 0], "rotation": 270, "texture": "#0"},
				"up": {"uv": [0, 6, 3.5, 0], "rotation": 270, "texture": "#0"},
				"down": {"uv": [0, 6, 3.5, 0], "rotation": 270, "texture": "#0"}
			}
		},
		{
			"from": [12, 12, 6.75],
			"to": [14.5, 13.5, 9.25],
			"faces": {
				"north": {"uv": [4.5, 11, 7, 12.5], "texture": "#0"},
				"east": {"uv": [4.5, 11, 7, 12.5], "texture": "#0"},
				"south": {"uv": [4.5, 11, 7, 12.5], "texture": "#0"},
				"west": {"uv": [4.5, 11, 7, 12.5], "texture": "#0"},
				"down": {"uv": [0.5, 7, 3, 9.5], "rotation": 180, "texture": "#0"}
			}
		},
		{
			"from": [12, 10.5, 6.75],
			"to": [14.5, 11.5, 9.25],
			"faces": {
				"north": {"uv": [4.5, 13, 7, 14], "texture": "#0"},
				"east": {"uv": [4.5, 13, 7, 14], "texture": "#0"},
				"south": {"uv": [4.5, 13, 7, 14], "texture": "#0"},
				"west": {"uv": [4.5, 13, 7, 14], "texture": "#0"},
				"up": {"uv": [0.5, 7, 3, 9.5], "rotation": 180, "texture": "#0"},
				"down": {"uv": [0.5, 7, 3, 9.5], "rotation": 180, "texture": "#0"}
			}
		},
		{
			"from": [12, 0, 6.75],
			"to": [14.5, 2, 9.25],
			"faces": {
				"north": {"uv": [4.5, 14, 7, 16], "texture": "#0"},
				"east": {"uv": [4.5, 14, 7, 16], "texture": "#0"},
				"south": {"uv": [4.5, 14, 7, 16], "texture": "#0"},
				"west": {"uv": [4.5, 14, 7, 16], "texture": "#0"},
				"up": {"uv": [0.5, 7, 3, 9.5], "rotation": 180, "texture": "#0"},
				"down": {"uv": [0.5, 7, 3, 9.5], "rotation": 180, "texture": "#0", "cullface": "down"}
			}
		},
		{
			"from": [12, 6, 6.75],
			"to": [14.5, 10, 9.25],
			"faces": {
				"north": {"uv": [7, 6, 9.5, 10], "texture": "#0"},
				"east": {"uv": [7, 6, 9.5, 10], "texture": "#0"},
				"south": {"uv": [7, 6, 9.5, 10], "texture": "#0"},
				"west": {"uv": [7, 6, 9.5, 10], "texture": "#0"},
				"up": {"uv": [0.5, 7, 3, 9.5], "rotation": 180, "texture": "#0"},
				"down": {"uv": [0.5, 7, 3, 9.5], "rotation": 180, "texture": "#0"}
			}
		},
		{
			"from": [12.5, 2, 7.25],
			"to": [14, 12, 8.75],
			"faces": {
				"north": {"uv": [7, 0, 5.5, 10], "texture": "#0"},
				"east": {"uv": [7, 0, 5.5, 10], "texture": "#0"},
				"south": {"uv": [7, 0, 5.5, 10], "texture": "#0"},
				"west": {"uv": [7, 0, 5.5, 10], "texture": "#0"}
			}
		},
		{
			"from": [6, 0, 6],
			"to": [10, 16, 10],
			"faces": {
				"north": {"uv": [12, 0, 16, 16], "texture": "#1"},
				"east": {"uv": [12, 0, 16, 16], "texture": "#1"},
				"south": {"uv": [12, 0, 16, 16], "texture": "#1"},
				"west": {"uv": [12, 0, 16, 16], "texture": "#1"},
				"up": {"uv": [0, 6, 4, 10], "texture": "#0"},
				"down": {"uv": [0, 6, 4, 10], "texture": "#0", "cullface": "down"}
			}
		},
		{
			"from": [6.5, 17, 6.5],
			"to": [9.5, 17.5, 9.5],
			"faces": {
				"north": {"uv": [4, 13, 4.5, 16], "rotation": 90, "texture": "#0", "cullface": "up"},
				"east": {"uv": [4, 13, 4.5, 16], "rotation": 90, "texture": "#0", "cullface": "up"},
				"south": {"uv": [4, 13, 4.5, 16], "rotation": 90, "texture": "#0", "cullface": "up"},
				"west": {"uv": [4, 13, 4.5, 16], "rotation": 90, "texture": "#0", "cullface": "up"}
			}
		},
		{
			"from": [6, 17.5, 6],
			"to": [10, 18.95, 10],
			"faces": {
				"north": {"uv": [0, 6, 4, 7.5], "texture": "#0", "cullface": "up"},
				"east": {"uv": [0, 6, 4, 7.5], "texture": "#0", "cullface": "up"},
				"south": {"uv": [0, 6, 4, 7.5], "texture": "#0", "cullface": "up"},
				"west": {"uv": [0, 6, 4, 7.5], "texture": "#0", "cullface": "up"},
				"up": {"uv": [0, 6, 4, 10], "texture": "#0", "cullface": "up"},
				"down": {"uv": [0, 6, 4, 10], "texture": "#0", "cullface": "up"}
			}
		},
		{
			"from": [6, 16, 6],
			"to": [10, 17, 10],
			"faces": {
				"north": {"uv": [0, 6, 4, 7], "texture": "#0", "cullface": "up"},
				"east": {"uv": [0, 6, 4, 7], "texture": "#0", "cullface": "up"},
				"south": {"uv": [0, 6, 4, 7], "texture": "#0", "cullface": "up"},
				"west": {"uv": [0, 6, 4, 7], "texture": "#0", "cullface": "up"},
				"up": {"uv": [0, 6, 4, 10], "texture": "#0", "cullface": "up"}
			}
		}
	]
}