{
	"credit": "Made with Blockbench",
	"parent": "minecraft:block/block",
	"textures": {
		"1": "block/planks_bamboo_fence_top",
		"2": "block/planks_bamboo_fence_gate",
		"3": "block/planks_bamboo_fence"
	},
	"elements": [
		{
			"from": [16.05, 0, 6],
			"to": [20.05, 15.95, 10],
			"faces": {
				"north": {"uv": [6, 0, 10, 16], "texture": "#3", "cullface": "east"},
				"east": {"uv": [6, 0, 10, 16], "texture": "#3", "cullface": "east"},
				"south": {"uv": [6, 0, 10, 16], "texture": "#3", "cullface": "east"},
				"west": {"uv": [6, 0, 10, 16], "texture": "#3", "cullface": "east"},
				"up": {"uv": [6, 6, 10, 10], "texture": "#1", "cullface": "east"},
				"down": {"uv": [6, 6, 10, 10], "texture": "#1", "cullface": "east"}
			}
		},
		{
			"from": [-4.05, 0, 6],
			"to": [-0.05, 15.95, 10],
			"faces": {
				"north": {"uv": [6, 0, 10, 16], "texture": "#3", "cullface": "west"},
				"east": {"uv": [6, 0, 10, 16], "texture": "#3", "cullface": "west"},
				"south": {"uv": [6, 0, 10, 16], "texture": "#3", "cullface": "west"},
				"west": {"uv": [6, 0, 10, 16], "texture": "#3", "cullface": "west"},
				"up": {"uv": [6, 6, 10, 10], "texture": "#1", "cullface": "west"},
				"down": {"uv": [6, 6, 10, 10], "texture": "#1", "cullface": "west"}
			}
		},
		{
			"from": [16.45, 1, 11.5],
			"to": [19.45, 14.5, 14.5],
			"rotation": {"angle": 0, "axis": "y", "origin": [8, 8, 8]},
			"faces": {
				"north": {"uv": [1.5, 2.5, 4.5, 16], "texture": "#2"},
				"east": {"uv": [1.5, 2.5, 4.5, 16], "texture": "#2"},
				"south": {"uv": [1.5, 2.5, 4.5, 16], "texture": "#2"},
				"west": {"uv": [1.5, 2.5, 4.5, 16], "texture": "#2"},
				"up": {"uv": [4.5, 0, 1.5, 3], "rotation": 270, "texture": "#2"},
				"down": {"uv": [1.5, 0, 4.5, 3], "rotation": 90, "texture": "#2"}
			}
		},
		{
			"from": [16.45, 1, 16.5],
			"to": [19.45, 14.5, 19.5],
			"rotation": {"angle": 0, "axis": "y", "origin": [8, 8, 8]},
			"faces": {
				"north": {"uv": [6.5, 2.5, 9.5, 16], "texture": "#2"},
				"east": {"uv": [6.5, 2.5, 9.5, 16], "texture": "#2"},
				"south": {"uv": [6.5, 2.5, 9.5, 16], "texture": "#2"},
				"west": {"uv": [6.5, 2.5, 9.5, 16], "texture": "#2"},
				"up": {"uv": [4.5, 0, 1.5, 3], "rotation": 270, "texture": "#2"},
				"down": {"uv": [1.5, 0, 4.5, 3], "rotation": 90, "texture": "#2"}
			}
		},
		{
			"from": [16.45, 1, 21.5],
			"to": [19.45, 14.5, 24.5],
			"rotation": {"angle": 0, "axis": "y", "origin": [8, 8, 8]},
			"faces": {
				"north": {"uv": [11.5, 2.5, 14.5, 16], "texture": "#2"},
				"east": {"uv": [11.5, 2.5, 14.5, 16], "texture": "#2"},
				"south": {"uv": [11.5, 2.5, 14.5, 16], "texture": "#2"},
				"west": {"uv": [11.5, 2.5, 14.5, 16], "texture": "#2"},
				"up": {"uv": [4.5, 0, 1.5, 3], "rotation": 270, "texture": "#2"},
				"down": {"uv": [1.5, 0, 4.5, 3], "rotation": 90, "texture": "#2"}
			}
		},
		{
			"from": [17.2, 3, 10],
			"to": [18.7, 6, 26],
			"rotation": {"angle": 0, "axis": "y", "origin": [8, 8, 8]},
			"faces": {
				"north": {"uv": [0, 4, 1.5, 7], "texture": "#2"},
				"east": {"uv": [0, 10.5, 16, 13.5], "texture": "#2"},
				"south": {"uv": [0, 4, 1.5, 7], "texture": "#2"},
				"west": {"uv": [0, 10.5, 16, 13.5], "texture": "#2"},
				"up": {"uv": [0, 4.5, 16, 6], "rotation": 270, "texture": "#2"},
				"down": {"uv": [0, 5.5, 16, 7], "rotation": 90, "texture": "#2"}
			}
		},
		{
			"from": [17.2, 9, 10],
			"to": [18.7, 12, 26],
			"rotation": {"angle": 0, "axis": "y", "origin": [8, 8, 8]},
			"faces": {
				"north": {"uv": [0, 4, 1.5, 7], "texture": "#2"},
				"east": {"uv": [0, 4, 16, 7], "texture": "#2"},
				"south": {"uv": [0, 4, 1.5, 7], "texture": "#2"},
				"west": {"uv": [0, 4, 16, 7], "texture": "#2"},
				"up": {"uv": [0, 4, 16, 5.5], "rotation": 270, "texture": "#2"},
				"down": {"uv": [0, 7, 16, 5.5], "rotation": 90, "texture": "#2"}
			}
		}
	],
	"display": {
		"gui": {
			"rotation": [30, 45, 0],
			"scale": [0.67, 0.67, 0.67]
		},
		"head": {
			"translation": [0, -3, -6]
		}
	}
}