{
  "variants": {
    "type=bottom": [
        { "model": "minecraft:block/crimson_slab" },
        { "model": "minecraft:block/crimson_slab", "y": 90 },
        { "model": "minecraft:block/crimson_slab", "y": 180 },
        { "model": "minecraft:block/crimson_slab", "y": 270 }
    ],
    "type=double": [
        { "model": "minecraft:block/crimson_dslab" }
    ],
    "type=top": [
        { "model": "minecraft:block/crimson_slab_top" },
        { "model": "minecraft:block/crimson_slab_top", "y": 90 },
        { "model": "minecraft:block/crimson_slab_top", "y": 180 },
        { "model": "minecraft:block/crimson_slab_top", "y": 270 }
    ]
  }
}