{
	"textures": {
		"0": "block/cake_map",
		"particle": "block/cake_map"
	},
	"elements": [
		{
			"name": "Berry",
			"from": [5, 0.01, 6],
			"to": [7, 1.01, 8],
			"rotation": {"angle": 0, "axis": "y", "origin": [6, 0.75, 7]},
			"faces": {
				"north": {"uv": [7, 8.5, 8, 9], "texture": "#0"},
				"east": {"uv": [7, 8, 8, 8.5], "texture": "#0"},
				"south": {"uv": [7, 8.5, 8, 9], "texture": "#0"},
				"west": {"uv": [7, 8, 8, 8.5], "texture": "#0"},
				"up": {"uv": [8, 9, 7, 8], "texture": "#0"},
				"down": {"uv": [8, 8, 7, 9], "texture": "#0"}
			}
		},
		{
			"name": "Leaf",
			"from": [5, -0.14, 8.75],
			"to": [7, 1.86, 8.75],
			"rotation": {"angle": 45, "axis": "x", "origin": [6, 0.75574, 8.57609]},
			"faces": {
				"north": {"uv": [8, 8, 9, 9], "texture": "#0"},
				"east": {"uv": [0, 0, 0, 2], "texture": "#0"},
				"south": {"uv": [8, 8, 9, 9], "texture": "#0"},
				"west": {"uv": [0, 0, 0, 2], "texture": "#missing"},
				"up": {"uv": [2, 0, 0, 0], "texture": "#missing"},
				"down": {"uv": [2, 0, 0, 0], "texture": "#missing"}
			}
		},
		{
			"name": "Leaf",
			"from": [7.65, -0.14, 6],
			"to": [7.65, 1.86, 8],
			"rotation": {"angle": -45, "axis": "z", "origin": [7.56569, 0.68503, 7.03553]},
			"faces": {
				"north": {"uv": [0, 0, 0, 2], "texture": "#missing"},
				"east": {"uv": [8, 8, 9, 9], "texture": "#0"},
				"south": {"uv": [0, 0, 0, 2], "texture": "#missing"},
				"west": {"uv": [8, 8, 9, 9], "texture": "#0"},
				"up": {"uv": [2, 0, 0, 0], "rotation": 90, "texture": "#missing"},
				"down": {"uv": [2, 0, 0, 0], "rotation": 270, "texture": "#missing"}
			}
		},
		{
			"name": "Leaf",
			"from": [4.35, -0.14, 6],
			"to": [4.35, 1.86, 8],
			"rotation": {"angle": 45, "axis": "z", "origin": [4.45442, 0.68503, 7.03553]},
			"faces": {
				"north": {"uv": [0, 0, 0, 2], "texture": "#missing"},
				"east": {"uv": [8, 8, 9, 9], "texture": "#0"},
				"south": {"uv": [0, 0, 0, 2], "texture": "#missing"},
				"west": {"uv": [8, 8, 9, 9], "texture": "#0"},
				"up": {"uv": [2, 0, 0, 0], "rotation": 90, "texture": "#missing"},
				"down": {"uv": [2, 0, 0, 0], "rotation": 270, "texture": "#missing"}
			}
		},
		{
			"name": "Leaf",
			"from": [5, -0.04, 5.35],
			"to": [7, 1.96, 5.35],
			"rotation": {"angle": -45, "axis": "x", "origin": [6, 0.68503, 5.53553]},
			"faces": {
				"north": {"uv": [8, 8, 9, 9], "texture": "#0"},
				"east": {"uv": [0, 0, 0, 2], "texture": "#0"},
				"south": {"uv": [8, 8, 9, 9], "texture": "#0"},
				"west": {"uv": [0, 0, 0, 2], "texture": "#missing"},
				"up": {"uv": [2, 0, 0, 0], "texture": "#missing"},
				"down": {"uv": [2, 0, 0, 0], "texture": "#missing"}
			}
		},
		{
			"name": "BerryDark",
			"from": [10.1, 1.45, 5.5],
			"to": [11.1, 2.45, 6.5],
			"rotation": {"angle": 0, "axis": "y", "origin": [0, 0.25, 0]},
			"faces": {
				"north": {"uv": [7, 8.5, 7.5, 9], "texture": "#0"},
				"east": {"uv": [7, 8.5, 7.5, 9], "texture": "#0"},
				"south": {"uv": [7, 8.5, 7.5, 9], "texture": "#0"},
				"west": {"uv": [7, 8.5, 7.5, 9], "texture": "#0"},
				"up": {"uv": [7, 8.5, 7.5, 9], "texture": "#0"},
				"down": {"uv": [7, 8.5, 7.5, 9], "texture": "#0"}
			}
		},
		{
			"name": "LastPiece",
			"from": [11, 0.01, 0.5],
			"to": [13, 2.01, 3.5],
			"rotation": {"angle": -22.5, "axis": "y", "origin": [0, 0.25, 0]},
			"faces": {
				"north": {"uv": [10.5, 0, 12.5, 2], "texture": "#0"},
				"east": {"uv": [11, 4, 14, 6], "texture": "#0"},
				"south": {"uv": [9.5, 4, 11.5, 6], "texture": "#0"},
				"west": {"uv": [7, 4, 10, 6], "texture": "#0"},
				"up": {"uv": [5, 0, 7, 3], "texture": "#0"},
				"down": {"uv": [0, 0, 2, 3], "texture": "#missing"}
			}
		},
		{
			"name": "Crumb",
			"from": [7.85, 0.01, 8.8],
			"to": [8.85, 1.01, 9.8],
			"rotation": {"angle": 0, "axis": "z", "origin": [0, 0.25, 0]},
			"faces": {
				"north": {"uv": [2, 9.5, 2.5, 10], "texture": "#0"},
				"east": {"uv": [0, 12.5, 0.5, 13], "texture": "#0"},
				"south": {"uv": [6.5, 12, 7, 12.5], "texture": "#0"},
				"west": {"uv": [4.5, 8.5, 5, 9], "texture": "#0"},
				"up": {"uv": [3, 10, 3.5, 10.5], "texture": "#0"},
				"down": {"uv": [0, 11, 0.5, 11.5], "texture": "#0"}
			}
		}
	],
	"groups": [
		{
			"name": "Piece7",
			"origin": [8, 8, 8],
			"color": 0,
			"children": [
				{
					"name": "Strawberry",
					"origin": [8, 8, 8],
					"color": 0,
					"children": [0, 1, 2, 3, 4]
				},
				5,
				6,
				7
			]
		}
	]
}