{
	"ambientocclusion": false,
	"textures": {
		"0": "block/planks_cherry_fence",
		"particle": "block/planks_cherry_basic"
	},
	"elements": [
		{
			"from": [0, 13.4, 6.25],
			"to": [16, 15.9, 9.75],
			"faces": {
				"north": {"uv": [9.5, 0, 12, 16], "rotation": 270, "texture": "#0"},
				"east": {"uv": [9.5, 0, 12, 3.5], "rotation": 270, "texture": "#0", "cullface": "east"},
				"south": {"uv": [9.5, 0, 12, 16], "rotation": 270, "texture": "#0"},
				"west": {"uv": [7, 0, 9.5, 3.5], "rotation": 270, "texture": "#0", "cullface": "west"},
				"up": {"uv": [12, 0, 15.5, 16], "rotation": 270, "texture": "#0"},
				"down": {"uv": [12, 0, 15.5, 16], "rotation": 270, "texture": "#0"}
			}
		},
		{
			"from": [1.5, 12, 6.75],
			"to": [4, 13.5, 9.25],
			"faces": {
				"north": {"uv": [4.5, 11, 7, 12.5], "texture": "#0"},
				"east": {"uv": [4.5, 11, 7, 12.5], "texture": "#0"},
				"south": {"uv": [4.5, 11, 7, 12.5], "texture": "#0"},
				"west": {"uv": [4.5, 11, 7, 12.5], "texture": "#0"},
				"down": {"uv": [0.5, 7, 3, 9.5], "rotation": 180, "texture": "#0"}
			}
		},
		{
			"from": [12, 12, 6.75],
			"to": [14.5, 13.5, 9.25],
			"faces": {
				"north": {"uv": [4.5, 11, 7, 12.5], "texture": "#0"},
				"east": {"uv": [4.5, 11, 7, 12.5], "texture": "#0"},
				"south": {"uv": [4.5, 11, 7, 12.5], "texture": "#0"},
				"west": {"uv": [4.5, 11, 7, 12.5], "texture": "#0"},
				"down": {"uv": [0.5, 7, 3, 9.5], "rotation": 180, "texture": "#0"}
			}
		},
		{
			"from": [6.75, 12, 6.75],
			"to": [9.25, 13.5, 9.25],
			"rotation": {"angle": 0, "axis": "y", "origin": [2.75, 8, 8]},
			"faces": {
				"north": {"uv": [4.5, 11, 7, 12.5], "texture": "#0"},
				"east": {"uv": [4.5, 11, 7, 12.5], "texture": "#0"},
				"south": {"uv": [4.5, 11, 7, 12.5], "texture": "#0"},
				"west": {"uv": [4.5, 11, 7, 12.5], "texture": "#0"},
				"down": {"uv": [0.5, 7, 3, 9.5], "rotation": 180, "texture": "#0"}
			}
		},
		{
			"from": [1.5, 10.5, 6.75],
			"to": [4, 11.5, 9.25],
			"faces": {
				"north": {"uv": [4.5, 13, 7, 14], "texture": "#0"},
				"east": {"uv": [4.5, 13, 7, 14], "texture": "#0"},
				"south": {"uv": [4.5, 13, 7, 14], "texture": "#0"},
				"west": {"uv": [4.5, 13, 7, 14], "texture": "#0"},
				"up": {"uv": [0.5, 7, 3, 9.5], "rotation": 180, "texture": "#0"},
				"down": {"uv": [0.5, 7, 3, 9.5], "rotation": 180, "texture": "#0"}
			}
		},
		{
			"from": [12, 10.5, 6.75],
			"to": [14.5, 11.5, 9.25],
			"faces": {
				"north": {"uv": [4.5, 13, 7, 14], "texture": "#0"},
				"east": {"uv": [4.5, 13, 7, 14], "texture": "#0"},
				"south": {"uv": [4.5, 13, 7, 14], "texture": "#0"},
				"west": {"uv": [4.5, 13, 7, 14], "texture": "#0"},
				"up": {"uv": [0.5, 7, 3, 9.5], "rotation": 180, "texture": "#0"},
				"down": {"uv": [0.5, 7, 3, 9.5], "rotation": 180, "texture": "#0"}
			}
		},
		{
			"from": [6.75, 10.5, 6.75],
			"to": [9.25, 11.5, 9.25],
			"rotation": {"angle": 0, "axis": "y", "origin": [2.75, 8, 8]},
			"faces": {
				"north": {"uv": [4.5, 13, 7, 14], "texture": "#0"},
				"east": {"uv": [4.5, 13, 7, 14], "texture": "#0"},
				"south": {"uv": [4.5, 13, 7, 14], "texture": "#0"},
				"west": {"uv": [4.5, 13, 7, 14], "texture": "#0"},
				"up": {"uv": [0.5, 7, 3, 9.5], "rotation": 180, "texture": "#0"},
				"down": {"uv": [0.5, 7, 3, 9.5], "rotation": 180, "texture": "#0"}
			}
		},
		{
			"from": [1.5, 0, 6.75],
			"to": [4, 2, 9.25],
			"faces": {
				"north": {"uv": [4.5, 14, 7, 16], "texture": "#0"},
				"east": {"uv": [4.5, 14, 7, 16], "texture": "#0"},
				"south": {"uv": [4.5, 14, 7, 16], "texture": "#0"},
				"west": {"uv": [4.5, 14, 7, 16], "texture": "#0"},
				"up": {"uv": [0.5, 7, 3, 9.5], "rotation": 180, "texture": "#0"},
				"down": {"uv": [0.5, 7, 3, 9.5], "rotation": 180, "texture": "#0", "cullface": "down"}
			}
		},
		{
			"from": [12, 0, 6.75],
			"to": [14.5, 2, 9.25],
			"faces": {
				"north": {"uv": [4.5, 14, 7, 16], "texture": "#0"},
				"east": {"uv": [4.5, 14, 7, 16], "texture": "#0"},
				"south": {"uv": [4.5, 14, 7, 16], "texture": "#0"},
				"west": {"uv": [4.5, 14, 7, 16], "texture": "#0"},
				"up": {"uv": [0.5, 7, 3, 9.5], "rotation": 180, "texture": "#0"},
				"down": {"uv": [0.5, 7, 3, 9.5], "rotation": 180, "texture": "#0", "cullface": "down"}
			}
		},
		{
			"from": [6.75, 0, 6.75],
			"to": [9.25, 2, 9.25],
			"rotation": {"angle": 0, "axis": "y", "origin": [2.75, 8, 8]},
			"faces": {
				"north": {"uv": [4.5, 14, 7, 16], "texture": "#0"},
				"east": {"uv": [4.5, 14, 7, 16], "texture": "#0"},
				"south": {"uv": [4.5, 14, 7, 16], "texture": "#0"},
				"west": {"uv": [4.5, 14, 7, 16], "texture": "#0"},
				"up": {"uv": [0.5, 7, 3, 9.5], "rotation": 180, "texture": "#0"},
				"down": {"uv": [0.5, 7, 3, 9.5], "rotation": 180, "texture": "#0", "cullface": "down"}
			}
		},
		{
			"from": [1.5, 6, 6.75],
			"to": [4, 10, 9.25],
			"faces": {
				"north": {"uv": [7, 6, 9.5, 10], "texture": "#0"},
				"east": {"uv": [7, 6, 9.5, 10], "texture": "#0"},
				"south": {"uv": [7, 6, 9.5, 10], "texture": "#0"},
				"west": {"uv": [7, 6, 9.5, 10], "texture": "#0"},
				"up": {"uv": [0.5, 7, 3, 9.5], "rotation": 180, "texture": "#0"},
				"down": {"uv": [0.5, 7, 3, 9.5], "rotation": 180, "texture": "#0"}
			}
		},
		{
			"from": [12, 6, 6.75],
			"to": [14.5, 10, 9.25],
			"faces": {
				"north": {"uv": [7, 6, 9.5, 10], "texture": "#0"},
				"east": {"uv": [7, 6, 9.5, 10], "texture": "#0"},
				"south": {"uv": [7, 6, 9.5, 10], "texture": "#0"},
				"west": {"uv": [7, 6, 9.5, 10], "texture": "#0"},
				"up": {"uv": [0.5, 7, 3, 9.5], "rotation": 180, "texture": "#0"},
				"down": {"uv": [0.5, 7, 3, 9.5], "rotation": 180, "texture": "#0"}
			}
		},
		{
			"from": [6.75, 6, 6.75],
			"to": [9.25, 10, 9.25],
			"rotation": {"angle": 0, "axis": "y", "origin": [2.75, 8, 8]},
			"faces": {
				"north": {"uv": [7, 6, 9.5, 10], "texture": "#0"},
				"east": {"uv": [7, 6, 9.5, 10], "texture": "#0"},
				"south": {"uv": [7, 6, 9.5, 10], "texture": "#0"},
				"west": {"uv": [7, 6, 9.5, 10], "texture": "#0"},
				"up": {"uv": [0.5, 7, 3, 9.5], "rotation": 180, "texture": "#0"},
				"down": {"uv": [0.5, 7, 3, 9.5], "rotation": 180, "texture": "#0"}
			}
		},
		{
			"from": [2, 2, 7.25],
			"to": [3.5, 12, 8.75],
			"faces": {
				"north": {"uv": [7, 0, 5.5, 10], "texture": "#0"},
				"east": {"uv": [7, 0, 5.5, 10], "texture": "#0"},
				"south": {"uv": [7, 0, 5.5, 10], "texture": "#0"},
				"west": {"uv": [7, 0, 5.5, 10], "texture": "#0"}
			}
		},
		{
			"from": [12.5, 2, 7.25],
			"to": [14, 12, 8.75],
			"faces": {
				"north": {"uv": [7, 0, 5.5, 10], "texture": "#0"},
				"east": {"uv": [7, 0, 5.5, 10], "texture": "#0"},
				"south": {"uv": [7, 0, 5.5, 10], "texture": "#0"},
				"west": {"uv": [7, 0, 5.5, 10], "texture": "#0"}
			}
		},
		{
			"from": [7.25, 2, 7.25],
			"to": [8.75, 12, 8.75],
			"rotation": {"angle": 0, "axis": "y", "origin": [2.75, 8, 8]},
			"faces": {
				"north": {"uv": [7, 0, 5.5, 10], "texture": "#0"},
				"east": {"uv": [7, 0, 5.5, 10], "texture": "#0"},
				"south": {"uv": [7, 0, 5.5, 10], "texture": "#0"},
				"west": {"uv": [7, 0, 5.5, 10], "texture": "#0"}
			}
		}
	]
}